node,t_s,ax,ay,az,gx,gy,gz,mx,my,mz
RF,0.000,-3.615245,4.505888,7.680599,0.011718,-0.027697,-0.015979,-155,951,1427
RF,0.010,-3.591302,4.505888,7.704541,0.013848,-0.021305,-0.015979,-101,890,1396
RS,0.000,0.512000,1.204000,9.611000,0.004210,-0.001200,0.000900,210,-44,1512
RS,0.010,0.498000,1.221000,9.602000,0.004900,-0.000800,0.001100,205,-40,1509
RT,0.000,1.882000,-0.331000,9.430000,-0.002100,0.003300,-0.000700,88,301,1402
RT,0.010,1.890000,-0.310000,9.441000,-0.001900,0.003900,-0.000500,90,305,1399
SA,0.000,9.512000,0.640000,1.870000,0.000400,0.000900,-0.000200,-310,512,1180
SA,0.010,9.520000,0.651000,1.861000,0.000600,0.001100,-0.000100,-308,515,1178
