t_s,ax,ay,az,gx,gy,gz,mx,my,mz
0.000,-2.983175,4.295198,8.044518,-0.044741,-0.044741,-0.005326,-98,891,1392
0.010,-3.040636,4.357447,8.039729,-0.047937,-0.047937,-0.004261,-59,942,1397
0.020,-3.083732,4.280833,8.058883,-0.050067,-0.049002,-0.007457,-106,910,1403
0.030,-3.061980,4.241902,8.071553,-0.052198,-0.050068,-0.006391,-88,925,1399
0.040,-3.015410,4.301220,8.066120,-0.049002,-0.047937,-0.005326,-72,933,1401
